Date,Volume
2012-01-01,10.0
2012-01-02,10.1
2012-01-03,107.08528092
2012-01-04,107.23326023000001
2012-01-05,70.32874237
2012-01-06,55.8558336
2012-01-07,2.79585799
2012-01-08,4.0
2012-01-09,64.8693229
2012-01-10,60.69194096
2012-01-11,93.32697324
2012-01-12,98.93163181
2012-01-13,33.62682051
2012-01-14,27.94332433
2012-01-15,20.9353007
2012-01-16,12.64929577
2012-01-17,11.246376810000001
2012-01-18,202.71440055
2012-01-19,158.46598447
2012-01-20,184.07583311
2012-01-21,0.0
2012-01-22,162.03488544
2012-01-23,95.57062909
2012-01-24,85.44624147
2012-01-25,80.7232564
2012-01-26,16.75896173
2012-01-27,105.64010172
2012-01-28,0.25
2012-01-29,1.8548464299999998
2012-01-30,22.38
2012-01-31,104.71833334
2012-02-01,13.55244574
2012-02-02,123.58263763000001
2012-02-03,283.38210612
2012-02-04,67.69499409
2012-02-05,49.86668412
2012-02-06,26.36207817
2012-02-07,151.42474559000001
2012-02-08,57.96134674
2012-02-09,102.19951034
2012-02-10,202.9255289
2012-02-11,1.8794878
2012-02-12,34.6
2012-02-13,130.02787142
2012-02-14,123.83811213
2012-02-15,72.2959875
2012-02-16,94.61323754
2012-02-17,262.18826113
2012-02-18,252.88296387
2012-02-19,97.68354434
2012-02-20,248.54444348
2012-02-21,411.35990367
2012-02-22,58.87620649
2012-02-23,376.57464815
2012-02-24,400.41279154
2012-02-25,126.17775678999999
2012-02-26,29.2
2012-02-27,310.75231411
2012-02-28,358.30227545
2012-02-29,292.44719845
2012-03-01,242.94781426
2012-03-02,335.92023816
2012-03-03,125.91831513999999
2012-03-04,113.60841529999999
2012-03-05,341.1867003
2012-03-06,214.97053983
2012-03-07,607.38873958
2012-03-08,315.34447305000003
2012-03-09,306.23962038
2012-03-10,121.24892826
2012-03-11,24.68252609
2012-03-12,104.65346353
2012-03-13,723.76606321
2012-03-14,1144.73937297
2012-03-15,588.9555446400001
2012-03-16,182.43484486
2012-03-17,163.34873287000002
2012-03-18,379.63915352000004
2012-03-19,264.57868601
2012-03-20,416.95535546
2012-03-21,55.76862903
2012-03-22,281.88118084
2012-03-23,507.65999869999996
2012-03-24,0.7
2012-03-25,206.31208124
2012-03-26,63.66455997
2012-03-27,363.18985534
2012-03-28,423.28450509
2012-03-29,46.57341797
2012-03-30,228.08447863
2012-03-31,153.98004768
2012-04-01,312.89960073
2012-04-02,872.82662744
2012-04-03,117.46626534
2012-04-04,432.33188182
2012-04-05,170.51246242000002
2012-04-06,923.7964141
2012-04-07,273.84568497
2012-04-08,180.23400867
2012-04-09,58.55832457
2012-04-10,414.81763742
2012-04-11,262.08034761
2012-04-12,693.21181584
2012-04-13,1010.84555161
2012-04-14,740.63893854
2012-04-15,178.48458606
2012-04-16,472.36305846
2012-04-17,350.00743089
2012-04-18,825.93769222
2012-04-19,522.47172241
2012-04-20,394.46779259000004
2012-04-21,335.66606827
2012-04-22,136.58325896
2012-04-23,655.45112991
2012-04-24,2191.79000591
2012-04-25,1582.74192224
2012-04-26,362.92842381
2012-04-27,1252.72418771
2012-04-28,199.62227793
2012-04-29,68.28187643
2012-04-30,490.58077756
2012-05-01,831.74622588
2012-05-02,473.38454571999995
2012-05-03,652.96121494
2012-05-04,675.85000222
2012-05-05,504.42259193999996
2012-05-06,1206.9512612600001
2012-05-07,830.54702953
2012-05-08,659.28682416
2012-05-09,308.64057304
2012-05-10,913.69882317
2012-05-11,452.90303224999997
2012-05-12,103.12078006
2012-05-13,585.35446566
2012-05-14,706.7291176800001
2012-05-15,612.99596383
2012-05-16,166.76768282
2012-05-17,621.64037086
2012-05-18,877.63527931
2012-05-19,181.2981341
2012-05-20,47.83695807
2012-05-21,252.21034606
2012-05-22,562.3207169
2012-05-23,738.2052953799999
2012-05-24,910.25854663
2012-05-25,203.33948587
2012-05-26,493.29847801
2012-05-27,905.80741278
2012-05-28,174.70609285
2012-05-29,1330.46492264
2012-05-30,454.59578107
2012-05-31,1081.12584632
2012-06-01,788.2030436699999
2012-06-02,212.96550157
2012-06-03,19.33475413
2012-06-04,1340.96313689
2012-06-05,917.5682684
2012-06-06,726.4281651
2012-06-07,1152.92722963
2012-06-08,1682.14588631
2012-06-09,296.18351501
2012-06-10,306.97480795
2012-06-11,658.07950997
2012-06-12,1823.66435186
2012-06-13,8692.51663928
2012-06-14,3607.76994089
2012-06-15,2170.86681688
2012-06-16,1063.60440872
2012-06-17,391.50919323
2012-06-18,2308.01717533
2012-06-19,1564.45391334
2012-06-20,2003.28894268
2012-06-21,607.97329916
2012-06-22,897.86766966
2012-06-23,1027.69918308
2012-06-24,744.90606158
2012-06-25,1889.39096352
2012-06-26,2223.66418536
2012-06-27,10666.97147006
2012-06-28,4967.60091398
2012-06-29,7715.61362043
2012-06-30,1225.66353902
2012-07-01,329.15909557
2012-07-02,1670.86189902
2012-07-03,2090.53447248
2012-07-04,1611.89346607
2012-07-05,1703.27210066
2012-07-06,1351.4348071299999
2012-07-07,1016.81435203
2012-07-08,1608.54020134
2012-07-09,1332.71415064
2012-07-10,1672.16030115
2012-07-11,975.16669343
2012-07-12,1702.8064708699999
2012-07-13,1826.19705242
2012-07-14,470.53342217
2012-07-15,471.87345499
2012-07-16,3320.65925555
2012-07-17,3652.62319166
2012-07-18,3009.53573849
2012-07-19,2211.09593418
2012-07-20,1747.30107887
2012-07-21,2420.60758803
2012-07-22,1351.23842027
2012-07-23,2523.65035025
2012-07-24,1316.15570239
2012-07-25,705.59741321
2012-07-26,1748.74614989
2012-07-27,989.07316267
2012-07-28,1476.5642758
2012-07-29,656.26671786
2012-07-30,2246.24663751
2012-07-31,1446.85819366
2012-08-01,1972.06596977
2012-08-02,2597.31631521
2012-08-03,2109.2757152
2012-08-04,734.0591101699999
2012-08-05,1673.0443089
2012-08-06,2259.18217873
2012-08-07,865.39449983
2012-08-08,3222.76618253
2012-08-09,2322.08788847
2012-08-10,2513.07817902
2012-08-11,529.08845142
2012-08-12,588.61895499
2012-08-13,3725.857544
2012-08-14,1652.53710615
2012-08-15,1807.95774556
2012-08-16,1519.0512893
2012-08-17,4447.78111068
2012-08-18,2219.14775902
2012-08-19,4494.06886606
2012-08-20,4984.39070807
2012-08-21,3316.33223485
2012-08-22,6783.53106976
2012-08-23,4017.77929549
2012-08-24,3620.6364149700003
2012-08-25,1422.1183798
2012-08-26,1423.29454473
2012-08-27,3791.67085295
2012-08-28,3054.95423686
2012-08-29,5155.5895373
2012-08-30,1433.80903643
2012-08-31,2592.18568273
2012-09-01,1074.19005657
2012-09-02,1370.36935928
2012-09-03,1093.2455893
2012-09-04,2506.70673503
2012-09-05,1633.07053899
2012-09-06,3110.6143531
2012-09-07,1937.59518889
2012-09-08,889.10135548
2012-09-09,1637.8378706400001
2012-09-10,2292.71326812
2012-09-11,3758.38709734
2012-09-12,3737.91070255
2012-09-13,1811.45508187
2012-09-14,2405.43738851
2012-09-15,588.42022828
2012-09-16,1407.69651882
2012-09-17,603.62658358
2012-09-18,2838.0675597
2012-09-19,2085.12949634
2012-09-20,861.00200737
2012-09-21,1616.00065157
2012-09-22,859.97166894
2012-09-23,1184.1572402699999
2012-09-24,1481.83550313
2012-09-25,2744.99655916
2012-09-26,3531.95699233
2012-09-27,2941.58621334
2012-09-28,3179.08583158
2012-09-29,643.76350613
2012-09-30,267.69582095
2012-10-01,3047.59352712
2012-10-02,4476.00439477
2012-10-03,4346.64402376
2012-10-04,3904.58232664
2012-10-05,4882.5705596
2012-10-06,2314.05617457
2012-10-07,3293.11924784
2012-10-08,2695.57790766
2012-10-09,2061.69258601
2012-10-10,1984.68152794
2012-10-11,2849.92675316
2012-10-12,627.99755066
2012-10-13,543.43852589
2012-10-14,339.83047428
2012-10-15,3209.32128768
2012-10-16,1174.62086489
2012-10-17,2897.6711611200003
2012-10-18,1049.11132897
2012-10-19,9734.72329769
2012-10-20,1541.69926478
2012-10-21,1491.65124218
2012-10-22,2162.38009716
2012-10-23,2914.94069496
2012-10-24,2989.2193481599998
2012-10-25,3137.46224206
2012-10-26,2480.51294351
2012-10-27,80451.0
2012-10-28,826.58700857
2012-10-29,2533.81731847
2012-10-30,2714.539319
2012-10-31,2846.77624843
2012-11-01,1912.3907529399999
2012-11-02,2617.27442628
2012-11-03,1835.75428858
2012-11-04,1288.65471153
2012-11-05,2676.15461301
2012-11-06,6602.40194304
2012-11-07,3953.5564939299998
2012-11-08,2942.0896323
2012-11-09,2192.20196787
2012-11-10,1553.90092642
2012-11-11,561.80454313
2012-11-12,1149.0231782
2012-11-13,1999.77712413
2012-11-14,1761.39906661
2012-11-15,1770.13475037
2012-11-16,7852.66290651
2012-11-17,850.97904599
2012-11-18,1057.86576386
2012-11-19,3829.07697592
2012-11-20,2780.08965707
2012-11-21,3136.96885621
2012-11-22,9883.47022175
2012-11-23,2257.70098765
2012-11-24,1855.01147773
2012-11-25,865.87570863
2012-11-26,4332.38393008
2012-11-27,3756.30255284
2012-11-28,3101.91768951
2012-11-29,4237.54490883
2012-11-30,4095.58772396
2012-12-01,2837.37041096
2012-12-02,1636.21930771
2012-12-03,3134.84001766
2012-12-04,5475.40552369
2012-12-05,5095.33374443
2012-12-06,4321.75281402
2012-12-07,3949.87127252
2012-12-08,311.76908729
2012-12-09,1109.19390984
2012-12-10,5115.03282728
2012-12-11,3767.46294063
2012-12-12,3678.18976864
2012-12-13,5237.70201346
2012-12-14,6119.41481512
2012-12-15,2053.84965912
2012-12-16,1195.53643955
2012-12-17,4930.72981498
2012-12-18,3845.99034039
2012-12-19,5089.79665342
2012-12-20,3345.36571065
2012-12-21,2025.91700609
2012-12-22,1669.37949398
2012-12-23,356.99969914
2012-12-24,1825.10987149
2012-12-25,959.72276211
2012-12-26,1517.71825465
2012-12-27,2842.11885714
2012-12-28,3981.48651871
2012-12-29,1752.45904053
2012-12-30,931.78527589
2012-12-31,1263.76703681
2013-01-01,793.58323432
2013-01-02,3515.07449853
2013-01-03,2825.20373104
2013-01-04,3234.35570488
2013-01-05,1120.12342427
2013-01-06,949.95328706
2013-01-07,2155.99999856
2013-01-08,6449.19488819
2013-01-09,4525.21073869
2013-01-10,5192.04181785
2013-01-11,2012.89057888
2013-01-12,2660.54586255
2013-01-13,1433.00850559
2013-01-14,3458.7475181199998
2013-01-15,5469.451003
2013-01-16,5066.8347912
2013-01-17,5177.16018349
2013-01-18,7751.92008795
2013-01-19,1876.5541835400002
2013-01-20,1038.96449224
2013-01-21,5892.54638719
2013-01-22,3041.45755398
2013-01-23,5646.67448725
2013-01-24,10239.253760220001
2013-01-25,9837.92963001
2013-01-26,1907.41304122
2013-01-27,2670.46098698
2013-01-28,3834.04110094
2013-01-29,6171.87680633
2013-01-30,2765.99725857
2013-01-31,5770.3353473
2013-02-01,3092.74985887
2013-02-02,5306.22474932
2013-02-03,1762.68479244
2013-02-04,4847.89433125
2013-02-05,3003.31796803
2013-02-06,3511.88039275
2013-02-07,6890.178034850001
2013-02-08,2596.43352462
2013-02-09,2155.01651834
2013-02-10,1480.90872925
2013-02-11,3505.21606132
2013-02-12,6979.94113772
2013-02-13,5434.3031828700005
2013-02-14,10285.17765261
2013-02-15,4932.60394022
2013-02-16,3053.06282232
2013-02-17,4530.92296417
2013-02-18,6187.65487518
2013-02-19,7451.28527595
2013-02-20,5835.28169286
2013-02-21,3893.33895195
2013-02-22,4824.45680153
2013-02-23,5163.89444635
2013-02-24,1491.2755233
2013-02-25,1346.42564391
2013-02-26,5132.79795486
2013-02-27,3100.50202903
2013-02-28,5715.44788482
2013-03-01,5226.90941238
2013-03-02,2057.37564522
2013-03-03,1001.8474104
2013-03-04,6030.64155919
2013-03-05,6243.26449273
2013-03-06,8363.85540998
2013-03-07,16934.27886988
2013-03-08,5631.28594274
2013-03-09,4261.51490003
2013-03-10,1428.9269965199999
2013-03-11,3273.70255268
2013-03-12,10444.82487535
2013-03-13,3855.16671634
2013-03-14,3744.22364054
2013-03-15,1093.7998344
2013-03-16,982.29443222
2013-03-17,1104.57525965
2013-03-18,3235.52806646
2013-03-19,11362.9326258
2013-03-20,8277.04240293
2013-03-21,9111.09194551
2013-03-22,6093.43626286
2013-03-23,13560.06810439
2013-03-24,3939.87773327
2013-03-25,7495.62802499
2013-03-26,7396.21126986
2013-03-27,5618.95389101
2013-03-28,5194.61111404
2013-03-29,11002.62042328
2013-03-30,2678.711761
2013-03-31,1627.63587819
2013-04-01,6381.555169
2013-04-02,6298.715971
2013-04-03,10765.63062081
2013-04-04,11941.23738769
2013-04-05,6681.37182126
2013-04-06,3833.13447476
2013-04-07,6026.12845268
2013-04-08,13386.33266566
2013-04-09,10625.83372124
2013-04-10,15208.05066245
2013-04-11,38235.67165345
2013-04-12,31876.07780729
2013-04-13,17797.35349717
2013-04-14,7119.69724245
2013-04-15,13745.85389545
2013-04-16,40810.31681734
2013-04-17,30555.08069386
2013-04-18,12723.6869277
2013-04-19,30985.77818923
2013-04-20,6488.75486449
2013-04-21,17464.80296
2013-04-22,6957.57030968
2013-04-23,11880.67974546
2013-04-24,22133.31428784
2013-04-25,9578.362251
2013-04-26,18824.33088451
2013-04-27,6416.69043842
2013-04-28,5568.98939758
2013-04-29,10934.03602752
2013-04-30,6688.43303153
2013-05-01,20081.21245057
2013-05-02,21521.06757715
2013-05-03,28704.37523716
2013-05-04,16623.1870314
2013-05-05,8915.66045584
2013-05-06,12512.4728627
2013-05-07,17825.73374604
2013-05-08,10539.36003501
2013-05-09,6604.15287152
2013-05-10,10612.86999994
2013-05-11,4674.46397519
2013-05-12,3767.53313692
2013-05-13,2812.43573455
2013-05-14,5609.43595307
2013-05-15,16107.30717476
2013-05-16,7173.98879778
2013-05-17,9808.49950757
2013-05-18,5535.28177046
2013-05-19,4455.26492085
2013-05-20,4053.78441931
2013-05-21,4341.25830509
2013-05-22,6779.52175901
2013-05-23,9176.0943741
2013-05-24,13518.60825498
2013-05-25,6842.56427429
2013-05-26,4052.61573136
2013-05-27,5543.18857253
2013-05-28,7848.69613335
2013-05-29,8523.60104294
2013-05-30,10212.50970884
2013-05-31,5812.61458493
2013-06-01,3915.5475997
2013-06-02,14179.30997791
2013-06-03,9136.29748162
2013-06-04,8530.27581977
2013-06-05,4349.02044463
2013-06-06,4024.18558974
2013-06-07,19124.55691302
2013-06-08,5884.00079128
2013-06-09,27460.98201712
2013-06-10,16086.6801082
2013-06-11,5572.39543513
2013-06-12,6089.91791636
2013-06-13,4577.7607476
2013-06-14,13924.45008168
2013-06-15,6386.3352257
2013-06-16,2004.88979099
2013-06-17,5548.50619549
2013-06-18,9251.64874033
2013-06-19,6249.92758493
2013-06-20,7916.77397852
2013-06-21,14392.70988826
2013-06-22,3582.3670295399997
2013-06-23,1901.10053119
2013-06-24,8828.06286959
2013-06-25,5273.00400064
2013-06-26,5251.10259201
2013-06-27,4049.09138349
2013-06-28,18199.3045668
2013-06-29,5990.81329892
2013-06-30,2350.21968844
2013-07-01,11741.07106858
2013-07-02,19791.43485725
2013-07-03,16395.83254198
2013-07-04,27916.21697385
2013-07-05,28181.36127869
2013-07-06,19586.93828624
2013-07-07,8225.69835855
2013-07-08,20048.16917193
2013-07-09,13662.78852455
2013-07-10,20697.740553
2013-07-11,25002.24673029
2013-07-12,31442.769236109998
2013-07-13,6933.77063418
2013-07-14,5221.54701019
2013-07-15,13451.2671514
2013-07-16,9219.43143801
2013-07-17,8015.87360877
2013-07-18,20394.40969869
2013-07-19,8991.66342998
2013-07-20,4330.0872148
2013-07-21,3699.29274884
2013-07-22,7943.31171424
2013-07-23,13388.4718264
2013-07-24,8716.57422738
2013-07-25,10843.49253923
2013-07-26,6679.96661706
2013-07-27,3403.16464114
2013-07-28,5502.63443627
2013-07-29,11810.69733615
2013-07-30,8277.47653681
2013-07-31,20238.46706555
2013-08-01,7962.29698864
2013-08-02,12384.18231662
2013-08-03,7727.24769482
2013-08-04,3192.13746236
2013-08-05,9606.42346402
2013-08-06,10805.30700887
2013-08-07,5940.02595018
2013-08-08,13246.01351748
2013-08-09,14039.06230349
2013-08-10,2996.86976013
2013-08-11,2401.55051051
2013-08-12,4393.92712316
2013-08-13,11933.02945949
2013-08-14,21370.57599198
2013-08-15,8994.68652357
2013-08-16,8847.54684059
2013-08-17,5849.79836419
2013-08-18,3863.28060976
2013-08-19,19511.38552628
2013-08-20,11278.28854205
2013-08-21,22847.24189116
2013-08-22,13422.19947871
2013-08-23,9955.28411172
2013-08-24,4064.5129995
2013-08-25,8811.41116158
2013-08-26,8895.04628737
2013-08-27,20955.45201903
2013-08-28,9857.35204893
2013-08-29,10859.05697625
2013-08-30,15613.43789101
2013-08-31,16816.64452637
2013-09-01,12709.12152609
2013-09-02,8834.10097011
2013-09-03,11634.4355227
2013-09-04,12707.53142782
2013-09-05,24133.65268034
2013-09-06,19148.77955286
2013-09-07,11757.56788359
2013-09-08,4582.80255285
2013-09-09,17971.38217949
2013-09-10,15411.14137804
2013-09-11,14566.27056318
2013-09-12,16449.51090491
2013-09-13,10330.17051328
2013-09-14,8784.14202591
2013-09-15,5857.1737592
2013-09-16,7266.19454066
2013-09-17,7833.1348115499995
2013-09-18,12099.78413704
2013-09-19,12308.79690469
2013-09-20,10251.43571989
2013-09-21,5321.81845141
2013-09-22,2726.46820271
2013-09-23,7633.54964462
2013-09-24,6794.65715796
2013-09-25,10485.75965258
2013-09-26,7939.66819675
2013-09-27,11639.09400954
2013-09-28,7780.53361518
2013-09-29,5660.38158992
2013-09-30,12053.449342849999
2013-10-01,7863.79976064
2013-10-02,48928.5538847
2013-10-03,35315.6593268
2013-10-04,15080.39292781
2013-10-05,3492.97616249
2013-10-06,3953.90667128
2013-10-07,6962.65072074
2013-10-08,13410.88066101
2013-10-09,20093.51804055
2013-10-10,14563.69560117
2013-10-11,7890.04129839
2013-10-12,7131.53719304
2013-10-13,12010.45961069
2013-10-14,21859.27485678
2013-10-15,15022.10378361
2013-10-16,30597.31602901
2013-10-17,19328.28567466
2013-10-18,22925.3101654
2013-10-19,37200.78993838
2013-10-20,7670.23996514
2013-10-21,30015.25884149
2013-10-22,40847.94672322
2013-10-23,25874.93106698
2013-10-24,53331.39038792
2013-10-25,34726.37310686
2013-10-26,12295.27347397
2013-10-27,9054.33832551
2013-10-28,11473.27459987
2013-10-29,14333.48840939
2013-10-30,26009.89481171
2013-10-31,15833.00966608
2013-11-01,6395.0820355
2013-11-02,7221.82060748
2013-11-03,8499.15169894
2013-11-04,24637.89863584
2013-11-05,34249.46526693
2013-11-06,48453.10377757
2013-11-07,49149.34008742
2013-11-08,40028.47134608
2013-11-09,40081.07339238
2013-11-10,68687.30094971
2013-11-11,32949.42198322
2013-11-12,19581.58301221
2013-11-13,36006.43692452
2013-11-14,32247.12497624
2013-11-15,24587.64225526
2013-11-16,29574.15720818
2013-11-17,21319.23487811
2013-11-18,45180.93234791
2013-11-19,84192.38187954
2013-11-20,51967.94199669
2013-11-21,37737.86675371
2013-11-22,26257.34529142
2013-11-23,21681.0145859
2013-11-24,20181.81105587
2013-11-25,14505.24563554
2013-11-26,31943.40700314
2013-11-27,31993.18709729
2013-11-28,38967.6987511
2013-11-29,22004.25054498
2013-11-30,15520.77312505
2013-12-01,30887.89614274
2013-12-02,59839.50462996
2013-12-03,15943.28181424
2013-12-04,13162.17508831
2013-12-05,54278.27433734
2013-12-06,37855.13230802
2013-12-07,92891.97224274
2013-12-08,26147.984985
2013-12-09,29979.90409479
2013-12-10,22671.624203
2013-12-11,32551.59129352
2013-12-12,16244.82849354
2013-12-13,15138.0759134
2013-12-14,8214.43325441
2013-12-15,11396.83411409
2013-12-16,33790.64791279
2013-12-17,64113.79533256
2013-12-18,127286.48653306
2013-12-19,64245.56607726
2013-12-20,32766.73377766
2013-12-21,33065.855064280004
2013-12-22,17644.24496413
2013-12-23,11218.17680074
2013-12-24,15529.77715641
2013-12-25,5481.46158915
2013-12-26,20803.61442146
2013-12-27,23461.84888014
2013-12-28,13443.475636180001
2013-12-29,7062.44743851
2013-12-30,8500.89128125
2013-12-31,7734.62108388
2014-01-01,8219.68560332
2014-01-02,8555.80523744
2014-01-03,19859.94778033
2014-01-04,11791.37203244
2014-01-05,19513.30890789
2014-01-06,29034.17468536
2014-01-07,23828.73678755
2014-01-08,37827.38881698
2014-01-09,18998.12898105
2014-01-10,16337.66368329
2014-01-11,19045.03834652
2014-01-12,12558.52701592
2014-01-13,17048.37267866
2014-01-14,11899.75082059
2014-01-15,12965.35753674
2014-01-16,7366.31407091
2014-01-17,14821.88513765
2014-01-18,9361.83862272
2014-01-19,7939.27365245
2014-01-20,6356.37006679
2014-01-21,7789.52099838
2014-01-22,8635.28556073
2014-01-23,7529.41376964
2014-01-24,15177.32440928
2014-01-25,8526.2416471
2014-01-26,10638.3700444
2014-01-27,15896.81300548
2014-01-28,27644.6615724
2014-01-29,8563.21629281
2014-01-30,12597.66018071
2014-01-31,8601.11202547
2014-02-01,7224.94375752
2014-02-02,4264.17166919
2014-02-03,5734.89657136
2014-02-04,6973.33603844
2014-02-05,5154.44353105
2014-02-06,20254.88016994
2014-02-07,67389.00993791
2014-02-08,11665.01600337
2014-02-09,17401.0991356
2014-02-10,69359.98139467
2014-02-11,29336.38814826
2014-02-12,30267.40831685
2014-02-13,16707.80927348
2014-02-14,76509.86545301
2014-02-15,21121.00867741
2014-02-16,20153.9501751
2014-02-17,28528.15958926
2014-02-18,16150.82980247
2014-02-19,6993.95094777
2014-02-20,31972.94662098
2014-02-21,34559.95798377
2014-02-22,19045.48161212
2014-02-23,17044.25551918
2014-02-24,49419.178936590004
2014-02-25,112848.33758713
2014-02-26,50607.42481063
2014-02-27,24370.923586330002
2014-02-28,16604.1364073
2014-03-01,22015.41252449
2014-03-02,4855.12827583
2014-03-03,54966.37620604
2014-03-04,36953.43557349
2014-03-05,15138.5171208
2014-03-06,10241.40402267
2014-03-07,20057.28462098
2014-03-08,10717.25791539
2014-03-09,10107.68101559
2014-03-10,10890.72701482
2014-03-11,8566.54359551
2014-03-12,14289.65232143
2014-03-13,7617.33469707
2014-03-14,9322.96362196
2014-03-15,2864.00524605
2014-03-16,3100.21738266
2014-03-17,7331.2597656200005
2014-03-18,16708.50724891
2014-03-19,6540.65381921
2014-03-20,10866.61049214
2014-03-21,20784.2464306
2014-03-22,14519.42711961
2014-03-23,6811.42833554
2014-03-24,9895.42145692
2014-03-25,11909.97382124
2014-03-26,10893.38225539
2014-03-27,36798.73902503
2014-03-28,43053.53643008
2014-03-29,9929.65550665
2014-03-30,30301.57392689
2014-03-31,21109.77617129
2014-04-01,24449.85522507
2014-04-02,31974.77158934
2014-04-03,29007.50189507
2014-04-04,17241.29456298
2014-04-05,5089.59120116
2014-04-06,6134.2906935
2014-04-07,7322.71095169
2014-04-08,5584.15357425
2014-04-09,8248.84652467
2014-04-10,38161.01229853
2014-04-11,53712.26168791
2014-04-12,11573.10321497
2014-04-13,10733.80228494
2014-04-14,32044.57433916
2014-04-15,28851.77072537
2014-04-16,32846.86912977
2014-04-17,22140.59863377
2014-04-18,12334.48394484
2014-04-19,9547.24524673
2014-04-20,6837.28679775
2014-04-21,8506.49806951
2014-04-22,7008.1149758
2014-04-23,6441.46351945
2014-04-24,6228.43769699
2014-04-25,33135.39283742
2014-04-26,10898.0178819
2014-04-27,7519.41148787
2014-04-28,18344.45795845
2014-04-29,14160.565619859999
2014-04-30,11293.36640383
2014-05-01,10651.22955771
2014-05-02,7833.34186729
2014-05-03,7522.59977107
2014-05-04,4707.39462642
2014-05-05,8892.7182118
2014-05-06,8415.22763842
2014-05-07,11575.25697506
2014-05-08,7497.221122
2014-05-09,9056.78505869
2014-05-10,2961.8072402899998
2014-05-11,9500.76980542
2014-05-12,4644.52075385
2014-05-13,6168.70630739
2014-05-14,5538.53060472
2014-05-15,6279.50715951
2014-05-16,3790.14440074
2014-05-17,2471.09949336
2014-05-18,2560.32768239
2014-05-19,4349.781080629999
2014-05-20,25516.97378515
2014-05-21,9799.01090487
2014-05-22,16216.16025791
2014-05-23,19434.17204046
2014-05-24,6848.0064566
2014-05-25,19384.90975601
2014-05-26,11810.40113452
2014-05-27,19646.67980837
2014-05-28,8386.5956229
2014-05-29,9247.21349923
2014-05-30,17923.67586356
2014-05-31,13681.16325069
2014-06-01,22085.38494262
2014-06-02,14039.406237180001
2014-06-03,21753.48074879
2014-06-04,17303.77969831
2014-06-05,10726.73442609
2014-06-06,6378.65221078
2014-06-07,6685.61530703
2014-06-08,2505.51505356
2014-06-09,6084.81021764
2014-06-10,6496.82334138
2014-06-11,7783.62084804
2014-06-12,10517.56036037
2014-06-13,35086.08102375
2014-06-14,14981.63387935
2014-06-15,7454.9257642
2014-06-16,13899.54465658
2014-06-17,4812.91788373
2014-06-18,8858.3864951
2014-06-19,3005.87906737
2014-06-20,7923.30639693
2014-06-21,3373.47605908
2014-06-22,4148.97542111
2014-06-23,4928.20655085
2014-06-24,4189.71080921
2014-06-25,10064.01587219
2014-06-26,5326.29874958
2014-06-27,6921.52551618
2014-06-28,5864.0612002
2014-06-29,1642.2658856
2014-06-30,14118.2841565
2014-07-01,9216.51732927
2014-07-02,6719.01049462
2014-07-03,5175.23517952
2014-07-04,8461.71058913
2014-07-05,2295.70490034
2014-07-06,3234.02619108
2014-07-07,7072.61488234
2014-07-08,2744.97089241
2014-07-09,2314.57518692
2014-07-10,6259.95346312
2014-07-11,6144.2772495
2014-07-12,3949.28873799
2014-07-13,4061.7112378
2014-07-14,3506.68569837
2014-07-15,3475.17582166
2014-07-16,4357.15608243
2014-07-17,6273.66494289
2014-07-18,4689.85603433
2014-07-19,2324.97926095
2014-07-20,1490.59513038
2014-07-21,3923.62316752
2014-07-22,3196.07242792
2014-07-23,3861.54907022
2014-07-24,9843.9110191
2014-07-25,5087.18790029
2014-07-26,4019.23985417
2014-07-27,3908.73366137
2014-07-28,10001.4868542
2014-07-29,4393.28875045
2014-07-30,7521.9306788
2014-07-31,12087.52800145
2014-08-01,11708.81860288
2014-08-02,4283.45591231
2014-08-03,2788.52503629
2014-08-04,5248.96215699
2014-08-05,6356.01743965
2014-08-06,7908.49893515
2014-08-07,3885.85395041
2014-08-08,4964.62565602
2014-08-09,1889.76315569
2014-08-10,3022.83805143
2014-08-11,4668.56684498
2014-08-12,7845.07816076
2014-08-13,24965.55741304
2014-08-14,24618.01795203
2014-08-15,16740.390480770002
2014-08-16,11302.61942652
2014-08-17,12486.97028465
2014-08-18,27321.67572289
2014-08-19,18786.97967431
2014-08-20,17733.0613698
2014-08-21,13302.06738857
2014-08-22,17956.0276734
2014-08-23,7810.21786482
2014-08-24,7326.36340176
2014-08-25,5402.98454163
2014-08-26,6999.73594566
2014-08-27,6960.61318402
2014-08-28,7903.11930756
2014-08-29,7486.7906636
2014-08-30,4300.69628224
2014-08-31,10712.77975121
2014-09-01,8412.41236523
2014-09-02,7571.32985989
2014-09-03,5177.72910465
2014-09-04,10519.47017671
2014-09-05,5456.18231229
2014-09-06,2988.65169436
2014-09-07,2973.29700195
2014-09-08,14487.72501423
2014-09-09,8210.02968355
2014-09-10,11401.76771957
2014-09-11,8904.42713183
2014-09-12,6567.96769312
2014-09-13,5881.0878048
2014-09-14,3800.91817724
2014-09-15,5264.74120412
2014-09-16,6591.39757113
2014-09-17,11029.4018086
2014-09-18,18100.44716165
2014-09-19,32755.59602359
2014-09-20,21579.25355249
2014-09-21,11196.9902981
2014-09-22,12711.58263291
2014-09-23,22357.71637127
2014-09-24,19912.72981405
2014-09-25,14888.64536698
2014-09-26,10406.57355177
2014-09-27,5752.37049753
2014-09-28,11445.15084837
2014-09-29,20651.0523812
2014-09-30,16006.15701388
2014-10-01,14912.43395116
2014-10-02,9457.84613364
2014-10-03,17577.86068592
2014-10-04,26917.01396669
2014-10-05,55803.39901781
2014-10-06,79712.11416377
2014-10-07,23648.17744471
2014-10-08,26693.80149677
2014-10-09,40468.5918671
2014-10-10,30633.65290339
2014-10-11,9720.30526078
2014-10-12,12506.15736649
2014-10-13,19528.77317117
2014-10-14,30975.36452713
2014-10-15,20705.42859053
2014-10-16,20129.72548052
2014-10-17,13986.065219869999
2014-10-18,7658.93089042
2014-10-19,3654.78141803
2014-10-20,10728.94682261
2014-10-21,8672.92452172
2014-10-22,8441.32281222
2014-10-23,18345.11080936
2014-10-24,18518.77136243
2014-10-25,10932.87405123
2014-10-26,8158.38072041
2014-10-27,7696.18617224
2014-10-28,8416.1524769
2014-10-29,11585.338989
2014-10-30,14020.4621108
2014-10-31,9688.54736164
2014-11-01,13036.69737626
2014-11-02,9689.05836332
2014-11-03,10654.77582025
2014-11-04,13796.64768039
2014-11-05,14988.09654341
2014-11-06,12674.1313608
2014-11-07,10309.00382404
2014-11-08,3257.09832313
2014-11-09,8882.62682074
2014-11-10,18490.31910073
2014-11-11,10111.57003873
2014-11-12,36392.25428844
2014-11-13,47541.1751936
2014-11-14,31116.29358685
2014-11-15,13532.43494451
2014-11-16,10770.3838991
2014-11-17,23283.2178481
2014-11-18,15127.55715994
2014-11-19,10892.39595882
2014-11-20,15579.28440281
2014-11-21,15756.74712855
2014-11-22,6845.33144001
2014-11-23,5257.56039555
2014-11-24,17019.50347065
2014-11-25,19529.95746337
2014-11-26,12844.95282762
2014-11-27,8015.95372198
2014-11-28,10916.334769
2014-11-29,9653.46451731
2014-11-30,3634.9209539
2014-12-01,6303.38400925
2014-12-02,6475.45087523
2014-12-03,8229.7641729
2014-12-04,12168.18895805
2014-12-05,7701.59301529
2014-12-06,4508.77492041
2014-12-07,2390.04957299
2014-12-08,8541.01545927
2014-12-09,22296.14061537
2014-12-10,6012.48837156
2014-12-11,15930.86147584
2014-12-12,7911.90210666
2014-12-13,5829.81635352
2014-12-14,4180.00920986
2014-12-15,7926.52438455
2014-12-16,17463.50726946
2014-12-17,22472.81093459
2014-12-18,22759.30518336
2014-12-19,15753.44820368
2014-12-20,12789.1342344
2014-12-21,6413.41645051
2014-12-22,12025.72812286
2014-12-23,7876.91076369
2014-12-24,6222.75946947
2014-12-25,4775.90832842
2014-12-26,4849.73652173
2014-12-27,8817.59752124
2014-12-28,5257.42593527
2014-12-29,5317.38719373
2014-12-30,7673.20291697
2014-12-31,7567.61461531
2015-01-01,4791.69527297
2015-01-02,1651.38403623
